threshold,tp,fp,tn,fn,recall,fpr,projected_precision
0.9974,1,0,500,499,0.002,0.0,1.0
0.9973,2,0,500,498,0.004,0.0,1.0
0.997,4,0,500,496,0.008,0.0,1.0
0.9968,5,0,500,495,0.01,0.0,1.0
0.9967,6,0,500,494,0.012,0.0,1.0
0.9965,7,0,500,493,0.014,0.0,1.0
0.9962,8,0,500,492,0.016,0.0,1.0
0.9961,9,0,500,491,0.018,0.0,1.0
0.996,12,0,500,488,0.024,0.0,1.0
0.9959,13,0,500,487,0.026,0.0,1.0
0.9958,14,0,500,486,0.028,0.0,1.0
0.9957,15,0,500,485,0.03,0.0,1.0
0.9956,16,0,500,484,0.032,0.0,1.0
0.9955,18,0,500,482,0.036,0.0,1.0
0.9954,19,0,500,481,0.038,0.0,1.0
0.9953,20,0,500,480,0.04,0.0,1.0
0.9952,23,0,500,477,0.046,0.0,1.0
0.9951,27,0,500,473,0.054,0.0,1.0
0.995,28,0,500,472,0.056,0.0,1.0
0.9949,32,0,500,468,0.064,0.0,1.0
0.9948,36,0,500,464,0.072,0.0,1.0
0.9946,39,0,500,461,0.078,0.0,1.0
0.9945,40,0,500,460,0.08,0.0,1.0
0.9944,42,0,500,458,0.084,0.0,1.0
0.9943,43,0,500,457,0.086,0.0,1.0
0.9942,46,0,500,454,0.092,0.0,1.0
0.9941,51,0,500,449,0.102,0.0,1.0
0.994,53,0,500,447,0.106,0.0,1.0
0.9939,59,0,500,441,0.118,0.0,1.0
0.9938,67,0,500,433,0.134,0.0,1.0
0.9937,70,0,500,430,0.14,0.0,1.0
0.9936,74,0,500,426,0.148,0.0,1.0
0.9935,80,0,500,420,0.16,0.0,1.0
0.9934,87,0,500,413,0.174,0.0,1.0
0.9933,90,0,500,410,0.18,0.0,1.0
0.9932,99,0,500,401,0.198,0.0,1.0
0.9931,103,0,500,397,0.206,0.0,1.0
0.993,104,0,500,396,0.208,0.0,1.0
0.9929,109,0,500,391,0.218,0.0,1.0
0.9928,113,0,500,387,0.226,0.0,1.0
0.9927,118,0,500,382,0.236,0.0,1.0
0.9926,120,0,500,380,0.24,0.0,1.0
0.9924,124,0,500,376,0.248,0.0,1.0
0.9923,127,0,500,373,0.254,0.0,1.0
0.9922,134,0,500,366,0.268,0.0,1.0
0.9921,137,0,500,363,0.274,0.0,1.0
0.992,140,0,500,360,0.28,0.0,1.0
0.9919,143,0,500,357,0.286,0.0,1.0
0.9918,145,0,500,355,0.29,0.0,1.0
0.9917,149,0,500,351,0.298,0.0,1.0
0.9916,152,0,500,348,0.304,0.0,1.0
0.9915,157,0,500,343,0.314,0.0,1.0
0.9914,161,0,500,339,0.322,0.0,1.0
0.9913,166,0,500,334,0.332,0.0,1.0
0.9912,170,0,500,330,0.34,0.0,1.0
0.9911,175,0,500,325,0.35,0.0,1.0
0.991,177,0,500,323,0.354,0.0,1.0
0.9909,179,0,500,321,0.358,0.0,1.0
0.9908,181,0,500,319,0.362,0.0,1.0
0.9907,183,0,500,317,0.366,0.0,1.0
0.9906,186,0,500,314,0.372,0.0,1.0
0.9905,188,0,500,312,0.376,0.0,1.0
0.9904,192,0,500,308,0.384,0.0,1.0
0.9903,196,0,500,304,0.392,0.0,1.0
0.9902,197,0,500,303,0.394,0.0,1.0
0.9901,203,0,500,297,0.406,0.0,1.0
0.99,255,1,499,245,0.51,0.002,0.5616740088105726
0.9899,257,1,499,243,0.514,0.002,0.5635964912280702
0.9898,262,1,499,238,0.524,0.002,0.5683297180043384
0.9897,266,1,499,234,0.532,0.002,0.5720430107526883
0.9896,269,1,499,231,0.538,0.002,0.5747863247863247
0.9895,271,1,499,229,0.542,0.002,0.5765957446808511
0.9894,275,1,499,225,0.55,0.002,0.580168776371308
0.9893,278,1,499,222,0.556,0.002,0.5828092243186583
0.9892,279,1,499,221,0.558,0.002,0.5836820083682008
0.9891,284,1,499,216,0.568,0.002,0.5879917184265011
0.989,289,1,499,211,0.578,0.002,0.5922131147540983
0.9889,291,1,499,209,0.582,0.002,0.5938775510204082
0.9888,294,1,499,206,0.588,0.002,0.5963488843813387
0.9887,295,1,499,205,0.59,0.002,0.597165991902834
0.9886,297,1,499,203,0.594,0.002,0.5987903225806451
0.9884,299,1,499,201,0.598,0.002,0.6004016064257028
0.9883,301,1,499,199,0.602,0.002,0.602
0.9882,303,1,499,197,0.606,0.002,0.603585657370518
0.9881,305,1,499,195,0.61,0.002,0.6051587301587301
0.988,311,1,499,189,0.622,0.002,0.6098039215686274
0.9879,314,1,499,186,0.628,0.002,0.6120857699805068
0.9878,316,1,499,184,0.632,0.002,0.6135922330097088
0.9877,318,1,499,182,0.636,0.002,0.6150870406189555
0.9876,320,1,499,180,0.64,0.002,0.6165703275529866
0.9875,323,1,499,177,0.646,0.002,0.6187739463601533
0.9874,324,1,499,176,0.648,0.002,0.6195028680688337
0.9873,326,1,499,174,0.652,0.002,0.6209523809523809
0.9872,327,1,499,173,0.654,0.002,0.6216730038022813
0.9868,329,1,499,171,0.658,0.002,0.6231060606060607
0.9867,330,1,499,170,0.66,0.002,0.6238185255198488
0.9866,331,1,499,169,0.662,0.002,0.6245283018867924
0.9865,333,1,499,167,0.666,0.002,0.6259398496240601
0.9864,334,1,499,166,0.668,0.002,0.626641651031895
0.9863,335,1,499,165,0.67,0.002,0.6273408239700374
0.9862,337,1,499,163,0.674,0.002,0.628731343283582
0.986,338,1,499,162,0.676,0.002,0.6294227188081938
0.9859,340,1,499,160,0.68,0.002,0.6307977736549165
0.9858,341,1,499,159,0.682,0.002,0.6314814814814815
0.9857,343,1,499,157,0.686,0.002,0.6328413284132841
0.9856,345,1,499,155,0.69,0.002,0.6341911764705882
0.9855,346,1,499,154,0.692,0.002,0.634862385321101
0.9853,347,1,499,153,0.694,0.002,0.6355311355311356
0.9852,349,1,499,151,0.698,0.002,0.6368613138686131
0.9851,350,1,499,150,0.7,0.002,0.6375227686703095
0.9849,353,1,499,147,0.706,0.002,0.6394927536231884
0.9848,355,1,499,145,0.71,0.002,0.6407942238267148
0.9847,356,1,499,144,0.712,0.002,0.6414414414414414
0.9844,358,1,499,142,0.716,0.002,0.6427289048473968
0.9842,360,1,499,140,0.72,0.002,0.6440071556350626
0.9837,361,1,499,139,0.722,0.002,0.6446428571428572
0.9833,362,1,499,138,0.724,0.002,0.6452762923351159
0.9828,363,1,499,137,0.726,0.002,0.6459074733096085
0.9827,364,1,499,136,0.728,0.002,0.6465364120781528
0.982,365,1,499,135,0.73,0.002,0.6471631205673759
0.9819,366,1,499,134,0.732,0.002,0.647787610619469
0.9816,367,1,499,133,0.734,0.002,0.6484098939929329
0.9814,368,1,499,132,0.736,0.002,0.6490299823633158
0.981,369,1,499,131,0.738,0.002,0.6496478873239436
0.9809,370,1,499,130,0.74,0.002,0.6502636203866432
0.9807,371,1,499,129,0.742,0.002,0.6508771929824562
0.9805,372,1,499,128,0.744,0.002,0.6514886164623468
0.9803,373,1,499,127,0.746,0.002,0.6520979020979021
0.9801,374,1,499,126,0.748,0.002,0.6527050610820244
0.98,375,1,499,125,0.75,0.002,0.6533101045296167
0.9799,376,1,499,124,0.752,0.002,0.6539130434782608
0.9795,377,1,499,123,0.754,0.002,0.654513888888889
0.9793,378,1,499,122,0.756,0.002,0.6551126516464472
0.9792,379,1,499,121,0.758,0.002,0.6557093425605536
0.979,380,1,499,120,0.76,0.002,0.6563039723661486
0.9784,381,1,499,119,0.762,0.002,0.656896551724138
0.9782,382,1,499,118,0.764,0.002,0.657487091222031
0.9777,383,1,499,117,0.766,0.002,0.6580756013745704
0.9776,384,1,499,116,0.768,0.002,0.6586620926243568
0.9775,385,1,499,115,0.77,0.002,0.6592465753424658
0.9774,387,1,499,113,0.774,0.002,0.6604095563139931
0.9773,388,1,499,112,0.776,0.002,0.6609880749574105
0.9768,389,1,499,111,0.778,0.002,0.6615646258503401
0.9754,390,1,499,110,0.78,0.002,0.6621392190152802
0.975,391,1,499,109,0.782,0.002,0.6627118644067796
0.9749,392,1,499,108,0.784,0.002,0.6632825719120135
0.9746,393,1,499,107,0.786,0.002,0.6638513513513514
0.9744,394,1,499,106,0.788,0.002,0.6644182124789207
0.9738,395,1,499,105,0.79,0.002,0.664983164983165
0.9737,396,1,499,104,0.792,0.002,0.6655462184873949
0.9724,397,1,499,103,0.794,0.002,0.6661073825503356
0.9721,398,1,499,102,0.796,0.002,0.6666666666666667
0.9714,399,1,499,101,0.798,0.002,0.6672240802675585
0.9712,402,1,499,98,0.804,0.002,0.6688851913477538
0.971,403,1,499,97,0.806,0.002,0.6694352159468439
0.9708,404,1,499,96,0.808,0.002,0.6699834162520729
0.9704,405,1,499,95,0.81,0.002,0.6705298013245033
0.9696,406,1,499,94,0.812,0.002,0.6710743801652893
0.9693,407,1,499,93,0.814,0.002,0.6716171617161717
0.9689,408,1,499,92,0.816,0.002,0.6721581548599671
0.9687,409,1,499,91,0.818,0.002,0.6726973684210525
0.9682,410,1,499,90,0.82,0.002,0.6732348111658456
0.9671,412,1,499,88,0.824,0.002,0.67430441898527
0.9669,413,1,499,87,0.826,0.002,0.6748366013071895
0.9661,414,1,499,86,0.828,0.002,0.6753670473083196
0.9654,415,1,499,85,0.83,0.002,0.6758957654723128
0.9653,416,1,499,84,0.832,0.002,0.6764227642276422
0.9651,417,1,499,83,0.834,0.002,0.6769480519480519
0.9646,418,1,499,82,0.836,0.002,0.6774716369529983
0.9639,419,1,499,81,0.838,0.002,0.6779935275080907
0.9616,420,1,499,80,0.84,0.002,0.6785137318255251
0.9607,421,1,499,79,0.842,0.002,0.6790322580645161
0.9595,423,1,499,77,0.846,0.002,0.6800643086816721
0.9571,424,1,499,76,0.848,0.002,0.680577849117175
0.9567,425,1,499,75,0.85,0.002,0.6810897435897435
0.9564,426,1,499,74,0.852,0.002,0.6816
0.9561,427,1,499,73,0.854,0.002,0.6821086261980831
0.9548,430,1,499,70,0.86,0.002,0.6836248012718601
0.9537,431,1,499,69,0.862,0.002,0.6841269841269842
0.9534,432,1,499,68,0.864,0.002,0.6846275752773376
0.9532,433,1,499,67,0.866,0.002,0.685126582278481
0.9525,434,1,499,66,0.868,0.002,0.6856240126382306
0.9523,435,1,499,65,0.87,0.002,0.6861198738170347
0.9506,436,1,499,64,0.872,0.002,0.6866141732283465
0.9479,437,1,499,63,0.874,0.002,0.6871069182389937
0.9471,438,1,499,62,0.876,0.002,0.6875981161695447
0.9466,439,1,499,61,0.878,0.002,0.6880877742946708
0.9448,440,1,499,60,0.88,0.002,0.6885758998435055
0.9443,441,1,499,59,0.882,0.002,0.6890625
0.9402,442,1,499,58,0.884,0.002,0.6895475819032761
0.9348,443,1,499,57,0.886,0.002,0.690031152647975
0.9275,444,1,499,56,0.888,0.002,0.6905132192846035
0.9237,445,1,499,55,0.89,0.002,0.6909937888198758
0.9215,446,1,499,54,0.892,0.002,0.6914728682170542
0.9214,447,1,499,53,0.894,0.002,0.6919504643962848
0.9133,448,1,499,52,0.896,0.002,0.6924265842349305
0.9023,449,1,499,51,0.898,0.002,0.6929012345679013
0.8992,449,5,495,51,0.898,0.01,0.3109418282548476
0.8989,449,6,494,51,0.898,0.012,0.2732805842970176
0.89,450,6,494,50,0.9,0.012,0.2737226277372263
0.8899,451,6,494,49,0.902,0.012,0.2741641337386018
0.8582,452,6,494,48,0.904,0.012,0.27460510328068044
0.852,453,6,494,47,0.906,0.012,0.27504553734061926
0.8431,453,7,493,47,0.906,0.014,0.24539544962080173
0.8299,453,28,472,47,0.906,0.056,0.07518672199170125
0.8022,453,29,471,47,0.906,0.058,0.0727827763496144
0.7989,454,29,471,46,0.908,0.058,0.07293172690763053
0.7522,455,29,471,45,0.91,0.058,0.0730806296177321
0.5702,455,30,470,45,0.91,0.06,0.07081712062256809
0.4748,456,30,470,44,0.912,0.06,0.07096171802054156
0.4597,457,30,470,43,0.914,0.06,0.07110627042165864
0.4564,458,30,470,42,0.916,0.06,0.07125077784691973
0.439,459,30,470,41,0.918,0.06,0.07139524031731219
0.4351,460,30,470,40,0.92,0.06,0.07153965785381027
0.4205,461,30,470,39,0.922,0.06,0.07168403047737523
0.4201,462,30,470,38,0.924,0.06,0.07182835820895522
0.3966,463,30,470,37,0.926,0.06,0.07197264106948548
0.3921,464,30,470,36,0.928,0.06,0.0721168790798881
0.3861,465,30,470,35,0.93,0.06,0.07226107226107228
0.3694,465,31,469,35,0.93,0.062,0.07009345794392524
0.3633,466,31,469,34,0.932,0.062,0.07023360964581762
0.3521,467,31,469,33,0.934,0.062,0.07037371910789633
0.3341,468,31,469,32,0.936,0.062,0.07051378634925419
0.3329,469,31,469,31,0.938,0.062,0.07065381138897259
0.3311,470,31,469,30,0.94,0.062,0.07079379424612141
0.3237,471,31,469,29,0.942,0.062,0.07093373493975903
0.3173,472,31,469,28,0.944,0.062,0.07107363348893239
0.3074,473,31,469,27,0.946,0.062,0.0712134899126769
0.3053,474,31,469,26,0.948,0.062,0.07135330423001655
0.2989,475,31,469,25,0.95,0.062,0.07149307645996388
0.2832,476,31,469,24,0.952,0.062,0.07163280662151994
0.2789,477,31,469,23,0.954,0.062,0.07177249473367438
0.25,478,31,469,22,0.956,0.062,0.07191214081540544
0.2418,479,31,469,21,0.958,0.062,0.0720517448856799
0.2407,480,31,469,20,0.96,0.062,0.07219130696345313
0.2395,481,31,469,19,0.962,0.062,0.07233082706766918
0.2375,482,31,469,18,0.964,0.062,0.07247030521726056
0.2118,483,31,469,17,0.966,0.062,0.07260974143114854
0.2004,484,31,469,16,0.968,0.062,0.07274913572824289
0.1775,485,31,469,15,0.97,0.062,0.07288848812744214
0.177,486,31,469,14,0.972,0.062,0.07302779864763335
0.1653,487,31,469,13,0.974,0.062,0.0731670673076923
0.1433,488,31,469,12,0.976,0.062,0.07330629412648339
0.1401,489,31,469,11,0.978,0.062,0.07344547912285972
0.1378,489,32,468,11,0.978,0.064,0.07131398570803558
0.1284,490,32,468,10,0.98,0.064,0.07144940215806357
0.1221,491,32,468,9,0.982,0.064,0.07158477912232104
0.1121,492,32,468,8,0.984,0.064,0.0717201166180758
0.1027,493,32,468,7,0.986,0.064,0.07185541466258563
0.0966,494,32,468,6,0.988,0.064,0.07199067327309822
0.0881,494,33,467,6,0.988,0.066,0.06996176179011471
0.084,495,33,467,5,0.99,0.066,0.07009345794392524
0.0777,496,33,467,4,0.992,0.066,0.07022511680588983
0.0728,497,33,467,3,0.994,0.066,0.07035673839184597
0.0573,498,33,467,2,0.996,0.066,0.07048832271762208
0.0514,499,33,467,1,0.998,0.066,0.07061986979903766
0.0508,499,34,466,1,0.998,0.068,0.06868547832071578
0.0446,499,35,465,1,0.998,0.07,0.06685423365487675
0.0437,499,36,464,1,0.998,0.072,0.06511809996085086
0.0434,499,37,463,1,0.998,0.074,0.06346985499872806
0.0431,499,38,462,1,0.998,0.076,0.06190298970351075
0.0391,499,39,461,1,0.998,0.078,0.060411622276029066
0.0387,499,40,460,1,0.998,0.08,0.058990424400047294
0.0383,499,41,459,1,0.998,0.082,0.05763455763455764
0.0377,499,42,458,1,0.998,0.084,0.05633961838094163
0.0367,499,43,457,1,0.998,0.086,0.05510159010600708
0.0364,499,44,456,1,0.998,0.088,0.053916801728795254
0.033,499,45,455,1,0.998,0.09,0.052781891262957494
0.0325,499,46,454,1,0.998,0.092,0.05169377395628303
0.0319,499,47,453,1,0.998,0.094,0.05064961429151442
0.0315,499,48,452,1,0.998,0.096,0.049646801313302166
0.0311,499,50,450,1,0.998,0.1,0.047755766102019336
0.0309,499,51,449,1,0.998,0.102,0.04686326070623592
0.0305,499,53,447,1,0.998,0.106,0.04517472388194822
0.0301,499,55,445,1,0.998,0.11,0.04360363509262496
0.0299,499,56,444,1,0.998,0.112,0.04285836983595294
0.0297,499,58,442,1,0.998,0.116,0.04144174071920937
0.0296,499,59,441,1,0.998,0.118,0.04076797385620916
0.0293,499,60,440,1,0.998,0.12,0.04011576493287242
0.0292,499,62,438,1,0.998,0.124,0.03887201059437563
0.0287,499,63,437,1,0.998,0.126,0.03827861307149433
0.0286,499,64,436,1,0.998,0.128,0.03770306006800152
0.0284,499,65,435,1,0.998,0.13,0.03714455858270062
0.0283,499,66,434,1,0.998,0.132,0.03660236191593927
0.0276,499,68,432,1,0.998,0.136,0.03556410804646854
0.0275,499,69,431,1,0.998,0.138,0.03506676036542516
0.0274,499,70,430,1,0.998,0.14,0.03458313119412295
0.0272,499,71,429,1,0.998,0.142,0.034112660650806675
0.0271,499,72,428,1,0.998,0.144,0.033654818911445346
0.027,499,73,427,1,0.998,0.146,0.03320910421935313
0.0268,499,74,426,1,0.998,0.148,0.03277504105090313
0.0267,499,75,425,1,0.998,0.15,0.03235217842323652
0.0265,499,78,422,1,0.998,0.156,0.03114662006116972
0.0264,499,79,421,1,0.998,0.158,0.03076448828606659
0.0262,499,80,420,1,0.998,0.16,0.03039161946525367
0.0261,499,82,418,1,0.998,0.164,0.0296723553547006
0.026,499,83,417,1,0.998,0.166,0.02932534085566526
0.0258,499,84,416,1,0.998,0.168,0.028986349114144643
0.0257,499,85,415,1,0.998,0.17,0.02865510508786034
0.0256,499,86,414,1,0.998,0.172,0.028331346164764667
0.0255,499,89,411,1,0.998,0.178,0.027402526084568925
0.0251,499,91,409,1,0.998,0.182,0.02681642304385211
0.025,499,94,406,1,0.998,0.188,0.02598281697474616
0.0249,499,96,404,1,0.998,0.192,0.025455287456001632
0.0247,499,99,401,1,0.998,0.198,0.024702970297029704
0.0245,499,102,398,1,0.998,0.204,0.02399384526614416
0.0243,499,103,397,1,0.998,0.206,0.023766431701276437
0.0242,499,104,396,1,0.998,0.208,0.023543288511441385
0.0241,499,105,395,1,0.998,0.21,0.023324296531737874
0.024,499,109,391,1,0.998,0.218,0.022487607030193785
0.0239,499,110,390,1,0.998,0.22,0.022287730581982225
0.0234,499,112,388,1,0.998,0.224,0.021898450871110725
0.0233,499,113,387,1,0.998,0.226,0.02170886626642304
0.0232,499,117,383,1,0.998,0.234,0.020982255487343372
0.0231,499,121,379,1,0.998,0.242,0.020302709740418264
0.023,499,125,375,1,0.998,0.25,0.019665799637424135
0.0229,499,126,374,1,0.998,0.252,0.019512767371837485
0.0225,499,128,372,1,0.998,0.256,0.019213738400523664
0.0224,499,133,367,1,0.998,0.266,0.01850478380182452
0.0223,499,135,365,1,0.998,0.27,0.01823563806461044
0.0222,499,137,363,1,0.998,0.274,0.01797420935091132
0.0221,499,138,362,1,0.998,0.276,0.01784628589821537
0.022,499,139,361,1,0.998,0.278,0.017720170454545454
0.0219,499,141,359,1,0.998,0.282,0.017473212409832628
0.0218,499,143,357,1,0.998,0.286,0.017233043238016305
0.0217,499,146,354,1,0.998,0.292,0.016884918620783004
0.0215,499,149,351,1,0.998,0.298,0.016550580431177447
0.0214,499,150,350,1,0.998,0.3,0.016442057398925833
0.0213,499,153,347,1,0.998,0.306,0.01612486266399535
0.021,499,154,346,1,0.998,0.308,0.016021833360089905
0.0209,499,156,344,1,0.998,0.312,0.015819674729734015
0.0207,499,157,343,1,0.998,0.314,0.01572049650305589
0.0206,499,159,341,1,0.998,0.318,0.015525824517734911
0.0203,499,161,339,1,0.998,0.322,0.015335914930235419
0.0201,499,163,337,1,0.998,0.326,0.015150595093514697
0.02,499,164,336,1,0.998,0.328,0.01505960464765354
0.0199,499,167,333,1,0.998,0.334,0.014793074825091903
0.0198,499,168,332,1,0.998,0.336,0.014706315758450975
0.0197,499,169,331,1,0.998,0.338,0.014620568414884268
0.0196,499,171,329,1,0.998,0.342,0.014452038924930492
0.0195,499,175,325,1,0.998,0.35,0.014126373004189787
0.0194,499,176,324,1,0.998,0.352,0.01404723700137939
0.0193,499,177,323,1,0.998,0.354,0.013968982699736858
0.0192,500,179,321,0,1.0,0.358,0.013842363168240083
0.019,500,181,319,0,1.0,0.362,0.01369150305320518
0.0189,500,184,316,0,1.0,0.368,0.013471279232675935
0.0188,500,186,314,0,1.0,0.372,0.013328357413232395
0.0185,500,188,312,0,1.0,0.376,0.013188436378982907
0.0182,500,190,310,0,1.0,0.38,0.013051422605063952
0.018,500,193,307,0,1.0,0.386,0.012851157889325828
0.0178,500,195,305,0,1.0,0.39,0.012721027859051012
0.0177,500,197,303,0,1.0,0.394,0.01259350678790016
0.0175,500,201,299,0,1.0,0.402,0.012345983851453123
0.0174,500,202,298,0,1.0,0.404,0.01228561600078628
0.0172,500,203,297,0,1.0,0.406,0.01222583563586571
0.0171,500,205,295,0,1.0,0.41,0.01210800339024095
0.0169,500,207,293,0,1.0,0.414,0.011992420790060684
0.0168,500,208,292,0,1.0,0.416,0.01193545306979853
0.0167,500,209,291,0,1.0,0.418,0.011879024019386567
0.0166,500,210,290,0,1.0,0.42,0.011823126034523528
0.0165,500,211,289,0,1.0,0.422,0.011767751653369107
0.0164,500,213,287,0,1.0,0.426,0.011658544547298717
0.0163,500,214,286,0,1.0,0.428,0.011604697581581024
0.0162,500,216,284,0,1.0,0.432,0.011498482200349554
0.016,500,218,282,0,1.0,0.436,0.011394193518982727
0.0158,500,219,281,0,1.0,0.438,0.011342755382137429
0.0157,500,221,279,0,1.0,0.442,0.01124125992041188
0.0155,500,222,278,0,1.0,0.444,0.011191190294999777
0.0154,500,225,275,0,1.0,0.45,0.011043622308117063
0.0153,500,227,273,0,1.0,0.454,0.010947386858756814
0.0152,500,229,271,0,1.0,0.458,0.01085281413470513
0.0151,500,230,270,0,1.0,0.46,0.01080613788631943
0.015,500,233,267,0,1.0,0.466,0.010668487421853329
0.0149,500,234,266,0,1.0,0.468,0.010623379934559979
0.0148,500,237,263,0,1.0,0.474,0.010490317437005644
0.0147,500,240,260,0,1.0,0.48,0.010360547036883548
0.0146,500,246,254,0,1.0,0.492,0.010110405629473854
0.0145,500,250,250,0,1.0,0.5,0.009950248756218907
0.0144,500,252,248,0,1.0,0.504,0.009872058126678249
0.0143,500,254,246,0,1.0,0.508,0.00979508678446891
0.0142,500,259,241,0,1.0,0.518,0.009607809227339982
0.0141,500,262,238,0,1.0,0.524,0.00949884114138075
0.014,500,267,233,0,1.0,0.534,0.009322618537094698
0.0139,500,268,232,0,1.0,0.536,0.009288155743795512
0.0138,500,271,229,0,1.0,0.542,0.009186279373128294
0.0137,500,275,225,0,1.0,0.55,0.009053870529651425
0.0136,500,278,222,0,1.0,0.556,0.008957042026441188
0.0135,500,284,216,0,1.0,0.568,0.008769468219447173
0.0134,500,291,209,0,1.0,0.582,0.008560324607509117
0.0133,500,297,203,0,1.0,0.594,0.008388839487945238
0.0132,500,301,199,0,1.0,0.602,0.008278282753025713
0.0131,500,305,195,0,1.0,0.61,0.008170602173380179
0.013,500,309,191,0,1.0,0.618,0.00806568695455792
0.0129,500,315,185,0,1.0,0.63,0.007913270554720266
0.0128,500,319,181,0,1.0,0.638,0.007814820024694831
0.0127,500,320,180,0,1.0,0.64,0.00779058896852602
0.0126,500,326,174,0,1.0,0.652,0.00764830054761832
0.0125,500,330,170,0,1.0,0.66,0.00755629439322956
0.0124,500,334,166,0,1.0,0.668,0.007466475524893229
0.0123,500,336,164,0,1.0,0.672,0.007422362092512321
0.0122,500,340,160,0,1.0,0.68,0.007335680751173708
0.0121,500,348,152,0,1.0,0.696,0.007168253240050466
0.012,500,354,146,0,1.0,0.708,0.007047613678008627
0.0119,500,359,141,0,1.0,0.718,0.006950139697807926
0.0118,500,364,136,0,1.0,0.728,0.006855325216628277
0.0117,500,372,128,0,1.0,0.744,0.006708887934735939
0.0116,500,377,123,0,1.0,0.754,0.006620499715318513
0.0115,500,381,119,0,1.0,0.762,0.0065514485252689365
0.0114,500,388,112,0,1.0,0.776,0.006434012765081326
0.0113,500,392,108,0,1.0,0.784,0.006368777704183013
0.0112,500,395,105,0,1.0,0.79,0.0063207129764237405
0.0111,500,400,100,0,1.0,0.8,0.006242197253433208
0.011,500,409,91,0,1.0,0.818,0.006105677058529021
0.0109,500,412,88,0,1.0,0.824,0.006061487731548832
0.0108,500,414,86,0,1.0,0.828,0.006032381825640036
0.0107,500,417,83,0,1.0,0.834,0.005989243318999078
0.0106,500,422,78,0,1.0,0.844,0.00591870072681645
0.0105,500,424,76,0,1.0,0.848,0.005890946792968566
0.0104,500,426,74,0,1.0,0.852,0.005863451931421067
0.0102,500,429,71,0,1.0,0.858,0.005822687519651571
0.0101,500,432,68,0,1.0,0.864,0.005782486006383865
0.01,500,436,64,0,1.0,0.872,0.00572973964063073
0.0099,500,439,61,0,1.0,0.878,0.005690807070258704
0.0098,500,445,55,0,1.0,0.89,0.005614507888383583
0.0097,500,448,52,0,1.0,0.896,0.005577120421184134
0.0096,500,450,50,0,1.0,0.9,0.00555247084952804
0.0095,500,456,44,0,1.0,0.912,0.005479812371224409
0.0094,500,458,42,0,1.0,0.916,0.005456013618209991
0.0093,500,460,40,0,1.0,0.92,0.005432420686657975
0.0092,500,461,39,0,1.0,0.922,0.00542070057134184
0.0091,500,464,36,0,1.0,0.928,0.0053858416993407725
0.009,500,468,32,0,1.0,0.936,0.005340054682159945
0.0089,500,472,28,0,1.0,0.944,0.00529503960689626
0.0088,500,475,25,0,1.0,0.95,0.005261773217574323
0.0087,500,476,24,0,1.0,0.952,0.005250777115013022
0.0086,500,477,23,0,1.0,0.954,0.005239826876120014
0.0085,500,478,22,0,1.0,0.956,0.005228922214553137
0.0084,500,480,20,0,1.0,0.96,0.0052072484898979384
0.0083,500,482,18,0,1.0,0.964,0.005185753697442386
0.0081,500,486,14,0,1.0,0.972,0.005143292118419158
0.0079,500,487,13,0,1.0,0.974,0.005132785151879113
0.0078,500,488,12,0,1.0,0.976,0.005122321026103348
0.0077,500,489,11,0,1.0,0.978,0.005111899479608633
0.0075,500,492,8,0,1.0,0.984,0.005080887732704658
0.0073,500,494,6,0,1.0,0.988,0.005060421431896849
0.0072,500,496,4,0,1.0,0.992,0.0050401193500262086
0.0068,500,497,3,0,1.0,0.994,0.005030029274770379
0.0066,500,498,2,0,1.0,0.996,0.005019979518483564
0.0061,500,499,1,0,1.0,0.998,0.005009969839981564
0.0056,500,500,0,0,1.0,1.0,0.005
